<?xml version="1.0" encoding="UTF-8"?>
<project-private xmlns="http://www.netbeans.org/ns/project-private/1">
    <editor-bookmarks xmlns="http://www.netbeans.org/ns/editor-bookmarks/2" lastBookmarkId="0"/>
    <open-files xmlns="http://www.netbeans.org/ns/projectui-open-files/2">
        <group>
            <file>file:/home/carlos/Documentos/Pasta%20sem%20título/SistemasWeb/Exercicios%20aula/aula4/Exercicios/Ex4/src/java/situacaotime.java</file>
            <file>file:/home/carlos/Documentos/Pasta%20sem%20título/SistemasWeb/Exercicios%20aula/aula4/Exercicios/Ex4/web/WEB-INF/web.xml</file>
            <file>file:/home/carlos/Documentos/Pasta%20sem%20título/SistemasWeb/Exercicios%20aula/aula4/Exercicios/Ex4/web/index.html</file>
        </group>
    </open-files>
</project-private>
